,iteration,speed
0,0,[0.16 0.13]
1,1,[0.16 0.13]
2,2,[0.15999999 0.12999999]
3,3,[0.15999999 0.12999999]
4,4,[0.15999998 0.12999998]
5,5,[0.15999998 0.12999998]
6,6,[0.15999997 0.12999998]
7,7,[0.15999997 0.12999997]
8,8,[0.15999996 0.12999997]
9,9,[0.15999996 0.12999996]
10,10,[0.15999995 0.12999996]
11,11,[0.15999995 0.12999996]
12,12,[0.15999994 0.12999995]
13,13,[0.15999994 0.12999995]
14,14,[0.15999993 0.12999995]
15,15,[0.15999993 0.12999994]
16,16,[0.15999992 0.12999994]
17,17,[0.15999992 0.12999994]
18,18,[0.15999992 0.12999993]
19,19,[0.15999991 0.12999993]
20,20,[0.15999991 0.12999993]
21,21,[0.15999991 0.12999992]
22,22,[0.1599999  0.12999992]
23,23,[0.1599999  0.12999992]
24,24,[0.1599999  0.12999992]
25,25,[0.1599999  0.12999992]
26,26,[0.1599999  0.12999992]
27,27,[0.1599999  0.12999992]
28,28,[0.1599999  0.12999992]
29,29,[0.1599999  0.12999992]
30,30,[0.1599999  0.12999992]
31,31,[0.1599999  0.12999992]
32,32,[0.1599999  0.12999992]
33,33,[0.15999991 0.12999993]
34,34,[0.15999991 0.12999993]
35,35,[0.15999992 0.12999994]
36,36,[0.15999993 0.12999994]
37,37,[0.15999994 0.12999995]
38,38,[0.15999995 0.12999996]
39,39,[0.15999996 0.12999997]
40,40,[0.15999997 0.12999998]
41,41,[0.15999998 0.12999999]
42,42,[0.15999999 0.12999999]
43,43,[0.16 0.13]
44,44,[0.16 0.13]
45,45,[0.16 0.13]
46,46,[0.15999999 0.12999999]
47,47,[0.15999998 0.12999998]
48,48,[0.15999997 0.12999997]
49,49,[0.15999995 0.12999996]
50,50,[0.15999994 0.12999995]
51,51,[0.15999993 0.12999994]
52,52,[0.15999992 0.12999994]
53,53,[0.15999991 0.12999993]
54,54,[0.1599999  0.12999992]
55,55,[0.1599999  0.12999992]
56,56,[0.15999989 0.12999991]
57,57,[0.15999989 0.12999991]
58,58,[0.15999989 0.12999991]
59,59,[0.15999989 0.12999991]
60,60,[0.15999989 0.12999991]
61,61,[0.15999989 0.12999991]
62,62,[0.15999989 0.12999991]
63,63,[0.15999989 0.12999991]
64,64,[0.15999989 0.12999991]
65,65,[0.15999989 0.12999991]
66,66,[0.1599999  0.12999992]
67,67,[0.1599999  0.12999992]
68,68,[0.15999989 0.12999991]
69,69,[0.15999989 0.12999991]
70,70,[0.15999987 0.1299999 ]
71,71,[0.15999983 0.12999986]
72,72,[0.15999961 0.12999968]
73,73,[0.15999892 0.12999913]
74,74,[0.15999856 0.12999883]
75,75,[0.15999869 0.12999893]
76,76,[0.15999874 0.12999897]
77,77,[0.15999876 0.12999899]
78,78,[0.15999877 0.129999  ]
79,79,[0.15999878 0.12999901]
80,80,[0.15999878 0.12999901]
81,81,[0.15999879 0.12999901]
82,82,[0.15999879 0.12999902]
83,83,[0.1599988  0.12999902]
84,84,[0.15999881 0.12999903]
85,85,[0.15999882 0.12999904]
86,86,[0.15999883 0.12999905]
87,87,[0.15999885 0.12999906]
88,88,[0.15999887 0.12999908]
89,89,[0.1599989 0.1299991]
90,90,[0.15999893 0.12999913]
91,91,[0.15999897 0.12999916]
92,92,[0.15999903 0.12999921]
93,93,[0.15999909 0.12999926]
94,94,[0.15999918 0.12999933]
95,95,[0.15999928 0.12999942]
96,96,[0.15999941 0.12999952]
97,97,[0.15999955 0.12999964]
98,98,[0.1599997  0.12999975]
99,99,[0.15999981 0.12999985]
100,100,[0.15999989 0.12999991]
101,101,[0.15999994 0.12999995]
102,102,[0.15999997 0.12999997]
103,103,[0.15999998 0.12999999]
104,104,[0.15999999 0.12999999]
105,105,[0.16 0.13]
106,106,[0.16 0.13]
107,107,[0.16 0.13]
108,108,[0.16 0.13]
109,109,[0.16 0.13]
110,110,[0.15999999 0.13      ]
111,111,[0.15999999 0.12999999]
112,112,[0.15999999 0.12999999]
113,113,[0.15999998 0.12999998]
114,114,[0.15999998 0.12999998]
115,115,[0.15999997 0.12999998]
116,116,[0.15999996 0.12999997]
117,117,[0.15999996 0.12999996]
118,118,[0.15999995 0.12999996]
119,119,[0.15999994 0.12999995]
120,120,[0.15999993 0.12999994]
121,121,[0.15999992 0.12999994]
122,122,[0.15999992 0.12999993]
123,123,[0.15999991 0.12999992]
124,124,[0.1599999  0.12999992]
125,125,[0.15999989 0.12999991]
126,126,[0.15999988 0.12999991]
127,127,[0.15999988 0.1299999 ]
128,128,[0.15999987 0.12999989]
129,129,[0.15999986 0.12999989]
130,130,[0.15999986 0.12999988]
131,131,[0.15999985 0.12999988]
132,132,[0.15999984 0.12999987]
133,133,[0.15999984 0.12999987]
134,134,[0.15999983 0.12999986]
135,135,[0.15999983 0.12999986]
136,136,[0.15999982 0.12999986]
137,137,[0.15999982 0.12999985]
138,138,[0.15999982 0.12999985]
139,139,[0.15999981 0.12999985]
140,140,[0.15999981 0.12999985]
141,141,[0.15999981 0.12999984]
142,142,[0.15999981 0.12999984]
143,143,[0.1599998  0.12999984]
144,144,[0.1599998  0.12999984]
145,145,[0.1599998  0.12999984]
146,146,[0.1599998  0.12999984]
147,147,[0.1599998  0.12999984]
148,148,[0.1599998  0.12999984]
149,149,[0.1599998  0.12999984]
150,150,[0.1599998  0.12999984]
151,151,[0.1599998  0.12999984]
152,152,[0.1599998  0.12999984]
153,153,[0.15999981 0.12999984]
154,154,[0.15999981 0.12999984]
155,155,[0.15999981 0.12999985]
156,156,[0.15999982 0.12999985]
157,157,[0.15999982 0.12999985]
158,158,[0.15999982 0.12999986]
159,159,[0.15999983 0.12999986]
160,160,[0.15999984 0.12999987]
161,161,[0.15999984 0.12999987]
162,162,[0.15999985 0.12999988]
163,163,[0.15999986 0.12999988]
164,164,[0.15999987 0.12999989]
165,165,[0.15999988 0.1299999 ]
166,166,[0.15999989 0.12999991]
167,167,[0.1599999  0.12999992]
168,168,[0.15999991 0.12999993]
169,169,[0.15999992 0.12999994]
170,170,[0.15999994 0.12999995]
171,171,[0.15999995 0.12999996]
172,172,[0.15999996 0.12999997]
173,173,[0.15999997 0.12999998]
174,174,[0.15999999 0.12999999]
175,175,[0.15999999 0.12999999]
176,176,[0.16 0.13]
177,177,[0.16 0.13]
178,178,[0.16 0.13]
179,179,[0.15999999 0.12999999]
180,180,[0.15999998 0.12999999]
181,181,[0.15999997 0.12999998]
182,182,[0.15999996 0.12999997]
183,183,[0.15999995 0.12999996]
184,184,[0.15999993 0.12999994]
185,185,[0.15999992 0.12999993]
186,186,[0.1599999  0.12999992]
187,187,[0.15999989 0.12999991]
188,188,[0.15999988 0.1299999 ]
189,189,[0.15999987 0.12999989]
190,190,[0.15999986 0.12999988]
191,191,[0.15999985 0.12999988]
192,192,[0.15999984 0.12999987]
193,193,[0.15999983 0.12999986]
194,194,[0.15999982 0.12999986]
195,195,[0.15999982 0.12999985]
196,196,[0.15999981 0.12999985]
197,197,[0.1599998  0.12999984]
198,198,[0.1599998  0.12999984]
199,199,[0.15999979 0.12999983]
200,200,[0.15999979 0.12999983]
201,201,[0.15999979 0.12999983]
202,202,[0.15999978 0.12999982]
203,203,[0.15999978 0.12999982]
204,204,[0.15999978 0.12999982]
205,205,[0.15999977 0.12999982]
206,206,[0.15999977 0.12999981]
207,207,[0.15999977 0.12999981]
208,208,[0.15999977 0.12999981]
209,209,[0.15999976 0.12999981]
210,210,[0.15999976 0.12999981]
211,211,[0.15999976 0.12999981]
212,212,[0.15999976 0.12999981]
213,213,[0.15999976 0.1299998 ]
214,214,[0.15999976 0.1299998 ]
215,215,[0.15999976 0.1299998 ]
216,216,[0.15999976 0.1299998 ]
217,217,[0.15999976 0.1299998 ]
218,218,[0.15999975 0.1299998 ]
219,219,[0.15999975 0.1299998 ]
220,220,[0.15999975 0.1299998 ]
221,221,[0.15999975 0.1299998 ]
222,222,[0.15999975 0.1299998 ]
223,223,[0.15999975 0.1299998 ]
224,224,[0.15999975 0.1299998 ]
225,225,[0.15999975 0.1299998 ]
226,226,[0.15999975 0.1299998 ]
227,227,[0.15999975 0.1299998 ]
228,228,[0.15999975 0.1299998 ]
229,229,[0.15999975 0.1299998 ]
230,230,[0.15999975 0.1299998 ]
231,231,[0.15999975 0.1299998 ]
232,232,[0.15999975 0.1299998 ]
233,233,[0.15999975 0.1299998 ]
234,234,[0.15999975 0.1299998 ]
235,235,[0.15999976 0.1299998 ]
236,236,[0.15999976 0.1299998 ]
237,237,[0.15999976 0.1299998 ]
238,238,[0.15999976 0.1299998 ]
239,239,[0.15999976 0.1299998 ]
240,240,[0.15999976 0.1299998 ]
241,241,[0.15999976 0.1299998 ]
242,242,[0.15999976 0.1299998 ]
243,243,[0.15999976 0.12999981]
244,244,[0.15999976 0.12999981]
245,245,[0.15999976 0.12999981]
246,246,[0.15999976 0.12999981]
247,247,[0.15999976 0.12999981]
248,248,[0.15999976 0.12999981]
249,249,[0.15999977 0.12999981]
250,250,[0.15999977 0.12999981]
251,251,[0.15999977 0.12999981]
252,252,[0.15999977 0.12999981]
253,253,[0.15999977 0.12999981]
254,254,[0.15999977 0.12999981]
255,255,[0.15999977 0.12999981]
256,256,[0.15999977 0.12999981]
257,257,[0.15999977 0.12999981]
258,258,[0.15999977 0.12999982]
259,259,[0.15999977 0.12999982]
260,260,[0.15999978 0.12999982]
261,261,[0.15999978 0.12999982]
262,262,[0.15999978 0.12999982]
263,263,[0.15999978 0.12999982]
264,264,[0.15999978 0.12999982]
265,265,[0.15999978 0.12999982]
266,266,[0.15999978 0.12999982]
267,267,[0.15999978 0.12999982]
268,268,[0.15999978 0.12999982]
269,269,[0.15999978 0.12999982]
270,270,[0.15999979 0.12999983]
271,271,[0.15999979 0.12999983]
272,272,[0.15999979 0.12999983]
273,273,[0.15999979 0.12999983]
274,274,[0.15999979 0.12999983]
275,275,[0.15999979 0.12999983]
276,276,[0.15999979 0.12999983]
277,277,[0.15999979 0.12999983]
278,278,[0.15999979 0.12999983]
279,279,[0.1599998  0.12999983]
280,280,[0.1599998  0.12999983]
281,281,[0.1599998  0.12999984]
282,282,[0.1599998  0.12999984]
283,283,[0.1599998  0.12999984]
284,284,[0.1599998  0.12999984]
285,285,[0.1599998  0.12999984]
286,286,[0.1599998  0.12999984]
287,287,[0.1599998  0.12999984]
288,288,[0.1599998  0.12999984]
289,289,[0.15999981 0.12999984]
290,290,[0.15999981 0.12999984]
291,291,[0.15999981 0.12999984]
292,292,[0.15999981 0.12999984]
293,293,[0.15999981 0.12999985]
294,294,[0.15999981 0.12999985]
295,295,[0.15999981 0.12999985]
296,296,[0.15999981 0.12999985]
297,297,[0.15999981 0.12999985]
298,298,[0.15999982 0.12999985]
299,299,[0.15999982 0.12999985]
300,300,[0.15999982 0.12999985]
301,301,[0.15999982 0.12999985]
302,302,[0.15999982 0.12999985]
303,303,[0.15999982 0.12999985]
304,304,[0.15999982 0.12999985]
305,305,[0.15999982 0.12999986]
306,306,[0.15999982 0.12999986]
307,307,[0.15999982 0.12999986]
308,308,[0.15999982 0.12999985]
309,309,[0.15999982 0.12999985]
310,310,[0.15999982 0.12999985]
311,311,[0.15999981 0.12999985]
312,312,[0.15999981 0.12999985]
313,313,[0.15999981 0.12999985]
314,314,[0.15999981 0.12999985]
315,315,[0.15999981 0.12999984]
316,316,[0.15999981 0.12999984]
317,317,[0.1599998  0.12999984]
318,318,[0.1599998  0.12999984]
319,319,[0.1599998  0.12999984]
320,320,[0.1599998  0.12999984]
321,321,[0.1599998  0.12999984]
322,322,[0.1599998  0.12999983]
323,323,[0.15999979 0.12999983]
324,324,[0.15999979 0.12999983]
325,325,[0.15999979 0.12999983]
326,326,[0.15999979 0.12999983]
327,327,[0.15999979 0.12999983]
328,328,[0.15999978 0.12999982]
329,329,[0.15999978 0.12999982]
330,330,[0.15999978 0.12999982]
331,331,[0.15999978 0.12999982]
332,332,[0.15999978 0.12999982]
333,333,[0.15999978 0.12999982]
334,334,[0.15999977 0.12999982]
335,335,[0.15999977 0.12999981]
336,336,[0.15999977 0.12999981]
337,337,[0.15999977 0.12999981]
338,338,[0.15999977 0.12999981]
339,339,[0.15999976 0.12999981]
340,340,[0.15999976 0.12999981]
341,341,[0.15999976 0.12999981]
342,342,[0.15999976 0.1299998 ]
343,343,[0.15999976 0.1299998 ]
344,344,[0.15999976 0.1299998 ]
345,345,[0.15999975 0.1299998 ]
346,346,[0.15999975 0.1299998 ]
347,347,[0.15999975 0.1299998 ]
348,348,[0.15999975 0.1299998 ]
349,349,[0.15999975 0.12999979]
350,350,[0.15999975 0.12999979]
351,351,[0.15999974 0.12999979]
352,352,[0.15999974 0.12999979]
353,353,[0.15999974 0.12999979]
354,354,[0.15999974 0.12999979]
355,355,[0.15999974 0.12999979]
356,356,[0.15999974 0.12999979]
357,357,[0.15999973 0.12999978]
358,358,[0.15999973 0.12999978]
359,359,[0.15999973 0.12999978]
360,360,[0.15999973 0.12999978]
361,361,[0.15999973 0.12999978]
362,362,[0.15999973 0.12999978]
363,363,[0.15999972 0.12999978]
364,364,[0.15999972 0.12999978]
365,365,[0.15999972 0.12999977]
366,366,[0.15999972 0.12999977]
367,367,[0.15999972 0.12999977]
368,368,[0.15999972 0.12999977]
369,369,[0.15999972 0.12999977]
370,370,[0.15999971 0.12999977]
371,371,[0.15999971 0.12999977]
372,372,[0.15999971 0.12999977]
373,373,[0.15999971 0.12999976]
374,374,[0.15999971 0.12999976]
375,375,[0.15999971 0.12999976]
376,376,[0.1599997  0.12999976]
377,377,[0.1599997  0.12999975]
378,378,[0.15999969 0.12999975]
379,379,[0.15999968 0.12999974]
380,380,[0.15999967 0.12999974]
381,381,[0.15999967 0.12999973]
382,382,[0.15999966 0.12999972]
383,383,[0.15999965 0.12999972]
384,384,[0.15999964 0.12999971]
385,385,[0.15999963 0.1299997 ]
386,386,[0.15999963 0.1299997 ]
387,387,[0.15999962 0.12999969]
388,388,[0.15999961 0.12999968]
389,389,[0.1599996  0.12999967]
390,390,[0.15999959 0.12999966]
391,391,[0.15999957 0.12999965]
392,392,[0.15999956 0.12999964]
393,393,[0.15999955 0.12999963]
394,394,[0.15999954 0.12999962]
395,395,[0.15999952 0.12999961]
396,396,[0.15999951 0.1299996 ]
397,397,[0.1599995  0.12999959]
398,398,[0.15999948 0.12999958]
399,399,[0.15999946 0.12999956]
400,400,[0.15999945 0.12999955]
401,401,[0.15999943 0.12999954]
402,402,[0.15999941 0.12999952]
403,403,[0.15999939 0.1299995 ]
404,404,[0.15999937 0.12999949]
405,405,[0.15999935 0.12999947]
406,406,[0.15999933 0.12999945]
407,407,[0.1599993  0.12999943]
408,408,[0.15999928 0.12999941]
409,409,[0.15999925 0.12999939]
410,410,[0.15999922 0.12999937]
411,411,[0.15999919 0.12999934]
412,412,[0.15999916 0.12999932]
413,413,[0.15999913 0.12999929]
414,414,[0.1599991  0.12999927]
415,415,[0.15999906 0.12999924]
416,416,[0.15999903 0.12999921]
417,417,[0.15999899 0.12999918]
418,418,[0.15999896 0.12999915]
419,419,[0.15999892 0.12999912]
420,420,[0.15999888 0.12999909]
421,421,[0.15999884 0.12999906]
422,422,[0.1599988  0.12999903]
423,423,[0.15999876 0.12999899]
424,424,[0.15999872 0.12999896]
425,425,[0.15999868 0.12999893]
426,426,[0.15999864 0.1299989 ]
427,427,[0.15999861 0.12999887]
428,428,[0.15999857 0.12999884]
429,429,[0.15999853 0.12999881]
430,430,[0.15999849 0.12999878]
431,431,[0.15999846 0.12999875]
432,432,[0.15999913 0.12999929]
433,433,[0.15999912 0.12999929]
434,434,[0.15999912 0.12999928]
435,435,[0.15999911 0.12999928]
436,436,[0.15999911 0.12999927]
437,437,[0.1599991  0.12999927]
438,438,[0.1599991  0.12999926]
439,439,[0.15999909 0.12999926]
440,440,[0.15999908 0.12999926]
441,441,[0.15999908 0.12999925]
442,442,[0.15999907 0.12999925]
443,443,[0.15999907 0.12999924]
444,444,[0.15999907 0.12999924]
445,445,[0.15999906 0.12999924]
446,446,[0.15999906 0.12999923]
447,447,[0.15999905 0.12999923]
448,448,[0.15999905 0.12999923]
449,449,[0.15999905 0.12999922]
450,450,[0.15999904 0.12999922]
451,451,[0.15999904 0.12999922]
452,452,[0.15999904 0.12999922]
453,453,[0.15999904 0.12999922]
454,454,[0.15999904 0.12999922]
455,455,[0.15999903 0.12999922]
456,456,[0.15999903 0.12999922]
457,457,[0.15999903 0.12999922]
458,458,[0.15999904 0.12999922]
459,459,[0.15999904 0.12999922]
460,460,[0.15999904 0.12999922]
461,461,[0.15999904 0.12999922]
462,462,[0.15999905 0.12999922]
463,463,[0.15999905 0.12999923]
464,464,[0.15999906 0.12999923]
465,465,[0.15999906 0.12999924]
466,466,[0.15999907 0.12999924]
467,467,[0.15999908 0.12999925]
468,468,[0.15999909 0.12999926]
469,469,[0.1599991  0.12999927]
470,470,[0.15999911 0.12999928]
471,471,[0.15999913 0.12999929]
472,472,[0.15999915 0.12999931]
473,473,[0.15999916 0.12999932]
474,474,[0.15999919 0.12999934]
475,475,[0.15999921 0.12999936]
476,476,[0.15999924 0.12999938]
477,477,[0.15999926 0.1299994 ]
478,478,[0.1599993  0.12999943]
479,479,[0.15999933 0.12999946]
480,480,[0.15999937 0.12999949]
481,481,[0.15999941 0.12999952]
482,482,[0.15999945 0.12999955]
483,483,[0.15999949 0.12999959]
484,484,[0.15999954 0.12999962]
485,485,[0.15999958 0.12999966]
486,486,[0.15999962 0.12999969]
487,487,[0.15999967 0.12999973]
488,488,[0.1599997  0.12999976]
489,489,[0.15999974 0.12999979]
490,490,[0.15999977 0.12999981]
491,491,[0.15999979 0.12999983]
492,492,[0.15999982 0.12999985]
493,493,[0.15999984 0.12999987]
494,494,[0.15999985 0.12999988]
495,495,[0.15999987 0.12999989]
496,496,[0.15999988 0.1299999 ]
497,497,[0.15999989 0.12999991]
498,498,[0.15999989 0.12999991]
499,499,[0.1599999  0.12999992]
500,500,[0.1599999  0.12999992]
501,501,[0.15999991 0.12999992]
502,502,[0.15999991 0.12999992]
503,503,[0.1599999  0.12999992]
504,504,[0.1599999  0.12999992]
505,505,[0.1599999  0.12999992]
506,506,[0.15999989 0.12999991]
507,507,[0.15999988 0.1299999 ]
508,508,[0.15999986 0.12999989]
509,509,[0.15999984 0.12999987]
510,510,[0.15999981 0.12999984]
511,511,[0.15999976 0.12999981]
512,512,[0.15999971 0.12999976]
513,513,[0.15999964 0.1299997 ]
514,514,[0.15999955 0.12999963]
515,515,[0.15999946 0.12999956]
516,516,[0.15999936 0.12999948]
517,517,[0.15999927 0.12999941]
518,518,[0.1599992  0.12999935]
519,519,[0.15999914 0.1299993 ]
520,520,[0.15999909 0.12999926]
521,521,[0.15999906 0.12999924]
522,522,[0.15999904 0.12999922]
523,523,[0.15999904 0.12999922]
524,524,[0.15999906 0.12999924]
525,525,[0.1599991  0.12999927]
526,526,[0.15999916 0.12999931]
527,527,[0.15999924 0.12999939]
528,528,[0.15999936 0.12999948]
529,529,[0.1599995 0.1299996]
530,530,[0.15999965 0.12999971]
531,531,[0.15999976 0.1299998 ]
532,532,[0.15999983 0.12999986]
533,533,[0.15999988 0.1299999 ]
534,534,[0.1599999  0.12999992]
535,535,[0.15999991 0.12999993]
536,536,[0.15999991 0.12999993]
537,537,[0.1599999  0.12999992]
538,538,[0.15999987 0.1299999 ]
539,539,[0.15999981 0.12999984]
540,540,[0.15999968 0.12999974]
541,541,[0.15999947 0.12999957]
542,542,[0.15999926 0.1299994 ]
543,543,[0.1599991  0.12999927]
544,544,[0.15999901 0.1299992 ]
545,545,[0.15999898 0.12999917]
546,546,[0.15999902 0.1299992 ]
547,547,[0.15999913 0.1299993 ]
548,548,[0.15999937 0.12999949]
549,549,[0.15999967 0.12999973]
550,550,[0.15999986 0.12999988]
551,551,[0.15999992 0.12999994]
552,552,[0.15999994 0.12999995]
553,553,[0.15999994 0.12999995]
554,554,[0.1599999  0.12999992]
555,555,[0.15999971 0.12999976]
556,556,[0.15999925 0.12999939]
557,557,[0.15999892 0.12999912]
558,558,[0.1599988  0.12999903]
559,559,[0.15999882 0.12999904]
560,560,[0.15999903 0.12999921]
561,561,[0.1599997  0.12999976]
562,562,[0.15999996 0.12999997]
563,563,[0.15999999 0.12999999]
564,564,[0.15999999 0.12999999]
565,565,[0.15999997 0.12999998]
566,566,[0.15999884 0.12999906]
567,567,[0.15999841 0.12999871]
568,568,[0.16008776 0.13007131]
569,569,[0.15999852 0.1299988 ]
570,570,[0.1600007  0.13000057]
571,571,[0.15999999 0.12999999]
572,572,[0.15999998 0.12999999]
573,573,[0.15999992 0.12999993]
574,574,[0.15999927 0.1299994 ]
575,575,[0.15999887 0.12999909]
576,576,[0.15999896 0.12999916]
577,577,[0.15999951 0.1299996 ]
578,578,[0.15999989 0.12999991]
579,579,[0.15999991 0.12999993]
580,580,[0.15999975 0.1299998 ]
581,581,[0.15999926 0.1299994 ]
582,582,[0.15999908 0.12999925]
583,583,[0.15999935 0.12999947]
584,584,[0.1599998  0.12999983]
585,585,[0.1599999  0.12999992]
586,586,[0.15999978 0.12999982]
587,587,[0.15999927 0.12999941]
588,588,[0.159999   0.12999919]
589,589,[0.15999928 0.12999941]
590,590,[0.15999988 0.1299999 ]
591,591,[0.15999997 0.12999997]
592,592,[0.15999993 0.12999995]
593,593,[0.15999877 0.129999  ]
594,594,[0.1608514  0.13069176]
595,595,[0.15999876 0.129999  ]
596,596,[0.15999985 0.12999988]
597,597,[0.15999995 0.12999996]
598,598,[0.15999992 0.12999993]
599,599,[0.15999966 0.12999973]
600,600,[0.15999922 0.12999936]
601,601,[0.15999907 0.12999924]
602,602,[0.15999915 0.12999931]
603,603,[0.15999942 0.12999953]
604,604,[0.15999973 0.12999978]
605,605,[0.15999987 0.12999989]
606,606,[0.15999992 0.12999993]
607,607,[0.15999993 0.12999995]
608,608,[0.15999994 0.12999995]
609,609,[0.15999994 0.12999995]
610,610,[0.15999994 0.12999995]
611,611,[0.15999996 0.12999996]
612,612,[0.15999999 0.12999999]
613,613,[0.16 0.13]
614,614,[0.15999998 0.12999998]
615,615,[0.15999997 0.12999997]
616,616,[0.15999996 0.12999997]
617,617,[0.15999996 0.12999997]
618,618,[0.15999996 0.12999997]
619,619,[0.15999929 0.12999942]
620,620,[0.15999918 0.12999933]
621,621,[0.1599991  0.12999927]
622,622,[0.15999904 0.12999922]
623,623,[0.15999901 0.12999919]
624,624,[0.15999898 0.12999917]
625,625,[0.15999897 0.12999916]
626,626,[0.15999897 0.12999916]
627,627,[0.15999898 0.12999917]
628,628,[0.159999   0.12999918]
629,629,[0.15999902 0.12999921]
630,630,[0.15999906 0.12999924]
631,631,[0.15999912 0.12999928]
632,632,[0.15999919 0.12999934]
633,633,[0.15999927 0.12999941]
634,634,[0.15999937 0.12999949]
635,635,[0.15999949 0.12999959]
636,636,[0.15999961 0.12999968]
637,637,[0.15999972 0.12999978]
638,638,[0.15999982 0.12999985]
639,639,[0.15999988 0.1299999 ]
640,640,[0.15999993 0.12999994]
641,641,[0.15999996 0.12999997]
642,642,[0.15999998 0.12999998]
643,643,[0.15999999 0.12999999]
644,644,[0.16 0.13]
645,645,[0.16 0.13]
646,646,[0.16 0.13]
647,647,[0.16 0.13]
648,648,[0.16 0.13]
649,649,[0.15999999 0.12999999]
650,650,[0.15999999 0.12999999]
651,651,[0.15999998 0.12999998]
652,652,[0.15999997 0.12999998]
653,653,[0.15999997 0.12999997]
654,654,[0.15999996 0.12999997]
655,655,[0.15999995 0.12999996]
656,656,[0.15999994 0.12999995]
657,657,[0.15999993 0.12999994]
658,658,[0.15999992 0.12999994]
659,659,[0.15999991 0.12999993]
660,660,[0.1599999  0.12999992]
661,661,[0.15999989 0.12999991]
662,662,[0.15999989 0.12999991]
663,663,[0.15999988 0.1299999 ]
664,664,[0.15999987 0.12999989]
665,665,[0.15999986 0.12999989]
666,666,[0.15999986 0.12999988]
667,667,[0.15999985 0.12999988]
668,668,[0.15999985 0.12999987]
669,669,[0.15999984 0.12999987]
670,670,[0.15999984 0.12999987]
671,671,[0.15999983 0.12999986]
672,672,[0.15999983 0.12999986]
673,673,[0.15999983 0.12999986]
674,674,[0.15999982 0.12999986]
675,675,[0.15999982 0.12999986]
676,676,[0.15999982 0.12999985]
677,677,[0.15999982 0.12999985]
678,678,[0.15999982 0.12999985]
679,679,[0.15999982 0.12999985]
680,680,[0.15999982 0.12999986]
681,681,[0.15999982 0.12999986]
682,682,[0.15999983 0.12999986]
683,683,[0.15999983 0.12999986]
684,684,[0.15999983 0.12999986]
685,685,[0.15999984 0.12999987]
686,686,[0.15999984 0.12999987]
687,687,[0.15999985 0.12999988]
688,688,[0.15999985 0.12999988]
689,689,[0.15999986 0.12999989]
690,690,[0.15999987 0.12999989]
691,691,[0.15999988 0.1299999 ]
692,692,[0.15999997 0.12999998]
693,693,[0.15999998 0.12999998]
694,694,[0.15999998 0.12999999]
695,695,[0.15999998 0.12999999]
696,696,[0.15999998 0.12999999]
697,697,[0.15999998 0.12999998]
698,698,[0.15999996 0.12999997]
699,699,[0.1599999  0.12999992]
700,700,[0.15999938 0.1299995 ]
701,701,[0.15999869 0.12999893]
702,702,[0.15999848 0.12999877]
703,703,[0.15999839 0.1299987 ]
704,704,[0.16085099 0.13069143]
705,705,[0.1599984 0.1299987]
706,706,[0.15999843 0.12999873]
707,707,[0.15999846 0.12999875]
708,708,[0.15999849 0.12999878]
709,709,[0.15999853 0.1299988 ]
710,710,[0.15999857 0.12999884]
711,711,[0.15999862 0.12999888]
712,712,[0.15999869 0.12999894]
713,713,[0.15999879 0.12999902]
714,714,[0.15999893 0.12999913]
715,715,[0.15999912 0.12999928]
716,716,[0.15999936 0.12999948]
717,717,[0.15999959 0.12999967]
718,718,[0.15999975 0.12999979]
719,719,[0.15999984 0.12999987]
720,720,[0.15999988 0.12999991]
721,721,[0.15999991 0.12999993]
722,722,[0.15999993 0.12999994]
723,723,[0.15999994 0.12999995]
724,724,[0.15999994 0.12999995]
725,725,[0.15999995 0.12999996]
726,726,[0.15999995 0.12999996]
727,727,[0.15999995 0.12999996]
728,728,[0.15999995 0.12999996]
729,729,[0.15999995 0.12999996]
730,730,[0.15999995 0.12999996]
731,731,[0.15999994 0.12999995]
732,732,[0.15999994 0.12999995]
733,733,[0.15999993 0.12999994]
734,734,[0.15999992 0.12999994]
735,735,[0.15999992 0.12999993]
736,736,[0.15999991 0.12999992]
737,737,[0.15999989 0.12999991]
738,738,[0.15999988 0.1299999 ]
739,739,[0.15999986 0.12999988]
740,740,[0.15999984 0.12999987]
741,741,[0.15999981 0.12999985]
742,742,[0.15999978 0.12999982]
743,743,[0.15999974 0.12999979]
744,744,[0.15999971 0.12999976]
745,745,[0.15999966 0.12999973]
746,746,[0.15999962 0.12999969]
747,747,[0.15999957 0.12999965]
748,748,[0.15999953 0.12999962]
749,749,[0.15999948 0.12999958]
750,750,[0.15999944 0.12999954]
751,751,[0.1599994  0.12999951]
752,752,[0.15999936 0.12999948]
753,753,[0.15999932 0.12999945]
754,754,[0.15999929 0.12999942]
755,755,[0.15999926 0.1299994 ]
756,756,[0.15999923 0.12999938]
757,757,[0.15999921 0.12999936]
758,758,[0.15999919 0.12999934]
759,759,[0.15999917 0.12999933]
760,760,[0.15999915 0.12999931]
761,761,[0.15999914 0.1299993 ]
762,762,[0.15999913 0.12999929]
763,763,[0.15999911 0.12999928]
764,764,[0.1599991  0.12999927]
765,765,[0.1599991  0.12999927]
766,766,[0.15999909 0.12999926]
767,767,[0.15999908 0.12999926]
768,768,[0.15999908 0.12999925]
769,769,[0.15999881 0.12999903]
770,770,[0.15999883 0.12999905]
771,771,[0.15999885 0.12999906]
772,772,[0.15999886 0.12999908]
773,773,[0.15999888 0.12999909]
774,774,[0.1599989 0.1299991]
775,775,[0.15999891 0.12999912]
776,776,[0.15999893 0.12999913]
777,777,[0.15999894 0.12999914]
778,778,[0.15999896 0.12999915]
779,779,[0.15999897 0.12999917]
780,780,[0.15999899 0.12999918]
781,781,[0.159999   0.12999919]
782,782,[0.15999901 0.1299992 ]
783,783,[0.15999903 0.12999921]
784,784,[0.15999904 0.12999922]
785,785,[0.15999905 0.12999923]
786,786,[0.15999907 0.12999924]
787,787,[0.15999908 0.12999925]
788,788,[0.15999909 0.12999926]
789,789,[0.15999911 0.12999927]
790,790,[0.15999912 0.12999928]
791,791,[0.15999913 0.12999929]
792,792,[0.15999914 0.12999931]
793,793,[0.15999916 0.12999932]
794,794,[0.15999917 0.12999933]
795,795,[0.15999918 0.12999934]
796,796,[0.1599992  0.12999935]
797,797,[0.15999921 0.12999936]
798,798,[0.15999922 0.12999937]
799,799,[0.15999923 0.12999938]
